Question,Answer
"What is Selenium?","Selenium is an open-source suite of tools for automating web browsers. It allows you to programmatically control browsers, which is useful for web testing, scraping, and automating repetitive web tasks."
"What is Python Selenium?","Python Selenium refers to the use of Seleniumâ€™s WebDriver API within Python. It enables developers to write scripts that interact with web pages and automate browser actions using Python code."
"How do you install Selenium for Python?","You can install Selenium using pip with the command 'pip install selenium'. In addition, you'll need a browser driver (e.g., chromedriver for Chrome) to enable communication between Selenium and your browser."
"What is a WebDriver in Selenium?","A WebDriver is an interface provided by Selenium that acts as a bridge between your test scripts and the web browser, allowing you to execute commands and interact with web elements programmatically."
"How do you initialize a Chrome WebDriver in Python?","You initialize a Chrome WebDriver by importing the webdriver from Selenium and creating an instance, such as: 'from selenium import webdriver; driver = webdriver.Chrome(executable_path=\"/path/to/chromedriver\")'."
"What are locators in Selenium and why are they important?","Locators are methods used to identify web elements on a page (using ID, name, class, XPath, or CSS selectors). They are essential because they allow Selenium to locate and interact with the correct elements during automation."
"How do implicit and explicit waits differ in Selenium?","Implicit waits set a default wait time for the entire WebDriver session when searching for elements, while explicit waits pause the execution until a specific condition is met. Explicit waits are more precise for dynamic content."
"How can you interact with web elements using Selenium?","After locating an element, you can interact with it using methods like 'click()' for clicking, 'send_keys()' for entering text, and 'clear()' to clear input fields, allowing you to simulate user actions."
"What is headless mode in Selenium and how do you enable it?","Headless mode allows the browser to run without a graphical user interface, making automation faster and less resource-intensive. For Chrome, you enable it by adding '--headless' to the ChromeOptions before initializing the driver."
"How do you handle dropdown menus in Selenium?","Selenium provides the Select class to handle dropdowns. You can select options by index, value, or visible text using methods like 'select_by_index()', 'select_by_value()', and 'select_by_visible_text()'."
"How do you switch to an iframe using Selenium in Python?","You can switch to an iframe using 'driver.switch_to.frame()' by passing the iframe element, its index, or name. To return to the main content, use 'driver.switch_to.default_content()'."
"What is the purpose of taking screenshots in Selenium tests?","Taking screenshots helps capture the state of the browser during tests. This is useful for debugging, logging test results, and verifying that web pages render correctly after specific actions."
"How do you manage cookies in Selenium?","Selenium allows you to manage cookies with methods such as 'driver.get_cookies()', 'driver.add_cookie()', and 'driver.delete_cookie()', which can be used to inspect, add, or remove cookies during a session."
"What are some common exceptions encountered in Selenium and how do you handle them?","Common exceptions include NoSuchElementException, TimeoutException, and ElementNotInteractableException. They can be handled using try-except blocks to implement retries or alternative flows when elements are not found or are unresponsive."
"How can Selenium Grid be used in testing?","Selenium Grid allows you to run tests in parallel across multiple machines and browsers. This distributed testing approach speeds up execution time and helps ensure compatibility across different environments."
"What is the role of CSS selectors and XPath in Selenium?","CSS selectors and XPath are used as locators to find elements on a webpage. They offer powerful ways to traverse the DOM, especially when elements don't have unique IDs or names."
"How do you perform browser navigation using Selenium?","Selenium provides navigation methods such as 'driver.back()', 'driver.forward()', and 'driver.refresh()' to simulate user navigation through the browser's history."
"What is the importance of closing the browser session properly in Selenium?","Properly closing the browser session using 'driver.quit()' ensures that all associated processes are terminated and resources are freed, preventing memory leaks and maintaining system performance."
"How do you use explicit waits with expected conditions in Selenium?","Explicit waits can be implemented using the WebDriverWait class along with expected conditions (from selenium.webdriver.support.expected_conditions) to wait until a certain condition, like visibility or clickability of an element, is met before proceeding."
"How can Selenium be integrated into a CI/CD pipeline?","Selenium tests can be integrated into CI/CD pipelines using frameworks like Jenkins, Travis CI, or GitHub Actions. Automated tests are triggered on code commits to ensure web applications remain functional and regressions are caught early."
